"","Are.you.on.the.waiting.list.","Program","Experiences.with.tools","Programming.and.Analytical.Experiences..R..data.manipulation.and.modeling.","Software.experience..the.smaller.list...R..graphics..base..lattice..ggplot2..or.grid..","Software.experience..the.smaller.list...Reproducible.research..sweave..knitr..ipnb..etc...","Software.experience..the.smaller.list...Python.","Software.experience..the.smaller.list...Version.control..git..mercurial..subversion..etc...","Software.experience..the.smaller.list...Databases..any..","Software.experience..the.smaller.list...Web.frontend..html.css.basic.js.jquery..","What.is.your.preferred.gender.pronoun.","What.code.text.editor.do.you.use.most.","Programming.and.Analytical.Experiences..R..graphic.basics..base..lattice..grid.etc....","Programming.and.Analytical.Experiences..R..advanced..multivariate.data.analysis..e.g..spatiotemporal.data..visualization.and.modeling..","Programming.and.Analytical.Experiences..Reproducible.documentation.with.R..e.g..R.Markdown..","Programming.and.Analytical.Experiences..Matlab..data.manipulation..analysis..visualization.and.modeling.","Programming.and.Analytical.Experiences..Github.","Programming.and.Analytical.Experiences..Web.frontend..html.css.basic.js.jquery..","Programming.and.Analytical.Experiences..Serious.javascript..angular.ember.node..","Experiences.with.tools..Row.1.","Experiences.with.tools..Matlab.","Experiences.with.tools..R..graphic.basics..base..lattice..grid.etc....","Experiences.with.tools..R..advanced..multivariate.data.analysis..e.g..spatiotemporal.data..visualization.and.modeling..","Experiences.with.tools..Reproducible.documentation.with.R..e.g..R.Markdown..","Experiences.with.tools..Matlab..data.manipulation..analysis..visualization.and.modeling.","Experiences.with.tools..Github.","Experiences.with.tools.1","Software.experience..the.smaller.list...Serious.javascript..angular.ember.node...1","Software.experience..the.smaller.list...R..data.manipulation.and.modeling.","Software.experience..the.smaller.list...R..graphics..base..lattice..ggplot2..or.grid...1","Software.experience..the.smaller.list...Reproducible.research..sweave..knitr..ipnb..etc....1","Software.experience..the.smaller.list...Python..1","Software.experience..the.smaller.list...Version.control..git..mercurial..subversion..etc....1","Software.experience..the.smaller.list...Databases..any...1","Software.experience..the.smaller.list...Web.frontend..html.css.basic.js.jquery...1","Software.experience..the.smaller.list...Serious.javascript..angular.ember.node.d3..","Software.experience..the.smaller.list...Serious.javascript..angular.ember.node...2"
"1","No","IDSE (master)","R, Excel, SQL, RStudio, ggplot2, Python, Stata, dropbox, google drive (formerly docs)","Confident","yes","no","yes","no","yes","no","she/her","RStudio","Confident","A little","A little","A little","None",NA,NA,NA,"no",NA,NA,NA,NA,NA,NA,NA,NA,NA,NA,NA,NA,NA,NA,NA,NA
"2","No","Other masters","R, Excel, RStudio, ggplot2, regular expressions (grep), dropbox, google drive (formerly docs)","Confident","yes","no","no","no","no","no","he/him","RStudio","A little","A little","A little","A little","A little",NA,NA,NA,"no",NA,NA,NA,NA,NA,NA,NA,NA,NA,NA,NA,NA,NA,NA,NA,NA
"3","No","Data Science Certification","R, Github, Excel, SQL, RStudio, ggplot2, shell (terminal / command line), Python, LaTeX, regular expressions (grep), Sweave/knitr, XML, Web: html css js, dropbox, google drive (formerly docs)","Expert","yes","yes","yes","yes","yes","yes","he/him","Atom","Confident","Confident","Expert","Confident","Confident",NA,NA,NA,"no",NA,NA,NA,NA,NA,NA,NA,NA,NA,NA,NA,NA,NA,NA,NA,NA
"4","No","IDSE (master)","Excel, Python, Web: html css js, dropbox, google drive (formerly docs)","None","no","no","yes","no","no","yes","he/him","Sublime","None","None","None","None","None",NA,NA,NA,"no",NA,NA,NA,NA,NA,NA,NA,NA,NA,NA,NA,NA,NA,NA,NA,NA
"5","No","IDSE (master)","R, SQL, RStudio, C/C++, Python, dropbox, google drive (formerly docs)","Confident","yes","no","yes","no","yes","no","he/him","textwrangler","Confident","Confident","A little","None","None",NA,NA,NA,"no",NA,NA,NA,NA,NA,NA,NA,NA,NA,NA,NA,NA,NA,NA,NA,NA
"6","No","IDSE (master)","Matlab, Github, RStudio, C/C++, Python, LaTeX","A little","yes","no","yes","yes","no","no","he/him","sublime text 2","None","None","A little","A little","A little",NA,NA,NA,"yes",NA,NA,NA,NA,NA,NA,NA,NA,NA,NA,NA,NA,NA,NA,NA,NA
"7","Yes","Statistics (master)","Matlab, R, Github, Excel, RStudio, ggplot2, C/C++, Python, dropbox, google drive (formerly docs)","Confident","yes","no","yes","yes","no","no","he/him","RStudio","Confident","A little","None","Confident","Confident",NA,NA,NA,"yes",NA,NA,NA,NA,NA,NA,NA,NA,NA,NA,NA,NA,NA,NA,NA,NA
"8","No","QMSS","Matlab, R, Excel, SQL, RStudio, C/C++, Python, Stata","A little","yes","no","yes","no","yes","no","doesn't matter","haven't used any","None","A little","A little","A little","None",NA,NA,NA,"yes",NA,NA,NA,NA,NA,NA,NA,NA,NA,NA,NA,NA,NA,NA,NA,NA
"9","No","IDSE (master)","Excel, SPSS, Python, Stata, dropbox, google drive (formerly docs)","None","no","no","yes","no","no","no","he/him","Stata","None","None","None","None","None",NA,NA,NA,"no",NA,NA,NA,NA,NA,NA,NA,NA,NA,NA,NA,NA,NA,NA,NA,NA
"10","No","IDSE (master)","R, Github, Excel, SQL, RStudio, shell (terminal / command line), Python, LaTeX, Web: html css js, dropbox, google drive (formerly docs)","Confident","yes","no","yes","yes","yes","yes","he/him","RStudio","A little","None","Confident","None","A little",NA,NA,NA,"no",NA,NA,NA,NA,NA,NA,NA,NA,NA,NA,NA,NA,NA,NA,NA,NA
"11","No","IDSE (master)","R, RStudio, Python, LaTeX, dropbox, google drive (formerly docs)","Confident","yes","no","yes","no","no","no","he/him","RStudio","A little","None","Confident","A little","None",NA,NA,NA,"no",NA,NA,NA,NA,NA,NA,NA,NA,NA,NA,NA,NA,NA,NA,NA,NA
"12","No","IDSE (master)","R, RStudio, C/C++, Python, Stata, google drive (formerly docs)","Confident","yes","no","yes","no","no","no","he/him","RStudio","Confident","Confident","Confident","Confident","None",NA,NA,NA,"no",NA,NA,NA,NA,NA,NA,NA,NA,NA,NA,NA,NA,NA,NA,NA,NA
"13","No","Ms in ds","Matlab, R, Github, Excel, SQL, RStudio, ggplot2, shell (terminal / command line), SPSS, Python, LaTeX, dropbox, google drive (formerly docs)","Expert","yes","no","yes","yes","yes","no","he/him","RStudio","Confident","Expert","Confident","Confident","Confident",NA,NA,NA,"yes",NA,NA,NA,NA,NA,NA,NA,NA,NA,NA,NA,NA,NA,NA,NA,NA
"14","Yes","Statistics (master)","R, Github, SQL, RStudio, ggplot2, Python, dropbox, google drive (formerly docs)","Expert","yes","no","yes","yes","yes","no","he/him","RStudio","Confident","Confident","A little","None","Expert",NA,NA,NA,"no",NA,NA,NA,NA,NA,NA,NA,NA,NA,NA,NA,NA,NA,NA,NA,NA
"15","Yes","Statistics (master)","R, Excel, RStudio, Stata, dropbox","Confident","yes","no","no","no","no","no","she/her","RStudio","None","A little","None","A little","A little",NA,NA,NA,"no",NA,NA,NA,NA,NA,NA,NA,NA,NA,NA,NA,NA,NA,NA,NA,NA
"16","No","QMSS (master)","R, Excel, RStudio, ggplot2, SPSS, C/C++, Python, Stata, LaTeX, lattice, Sweave/knitr, dropbox, google drive (formerly docs)","Confident","yes","yes","yes","no","no","no","she/her","RStudio","Confident","A little","Expert","A little","A little",NA,NA,NA,"no",NA,NA,NA,NA,NA,NA,NA,NA,NA,NA,NA,NA,NA,NA,NA,NA
"17","No","Other masters","Matlab, RStudio, SPSS, C/C++, Python, Stata","Confident","yes","no","yes","no","no","no","she/her","RStudio","Confident","A little","Confident","A little","A little",NA,NA,NA,"yes",NA,NA,NA,NA,NA,NA,NA,NA,NA,NA,NA,NA,NA,NA,NA,NA
"18","No","IDSE (master)","Matlab, R, Excel, RStudio, Python","Confident","yes","no","yes","no","no","no","she/her","RStudio","A little","A little","Confident","A little","None",NA,NA,NA,"yes",NA,NA,NA,NA,NA,NA,NA,NA,NA,NA,NA,NA,NA,NA,NA,NA
"19","No","Statistics (master)","R, Excel, RStudio, Python, dropbox, google drive (formerly docs)","Confident","yes","no","yes","no","no","no","she/her","RStudio","A little","A little","None","None","None",NA,NA,NA,"no",NA,NA,NA,NA,NA,NA,NA,NA,NA,NA,NA,NA,NA,NA,NA,NA
"20","No","IDSE (master)","R, Excel, SQL, RStudio, ggplot2, Python, Stata, LaTeX, dropbox, google drive (formerly docs)","A little","yes","no","yes","no","yes","no","he/him","RStudio","Confident","A little","Confident","None","None",NA,NA,NA,"no",NA,NA,NA,NA,NA,NA,NA,NA,NA,NA,NA,NA,NA,NA,NA,NA
"21","No","IDSE (master)","Matlab, R, Github, Excel, SQL, RStudio, ggplot2, SPSS, C/C++, Python, LaTeX, lattice, Sweave/knitr, dropbox, google drive (formerly docs)","Expert","yes","yes","yes","yes","yes","no","he/him","RStudio","Confident","Confident","Expert","Confident","Confident",NA,NA,NA,"yes",NA,NA,NA,NA,NA,NA,NA,NA,NA,NA,NA,NA,NA,NA,NA,NA
"22","No","IDSE (master)","Matlab, R, Excel, RStudio, SPSS, C/C++, Python, LaTeX, google drive (formerly docs)","Confident","yes","no","yes","no","no","no","he/him","RStudio","Confident","A little","A little","A little","A little",NA,NA,NA,"yes",NA,NA,NA,NA,NA,NA,NA,NA,NA,NA,NA,NA,NA,NA,NA,NA
"23","No","IDSE (master)","Matlab, R, Github, Excel, SQL, RStudio, ggplot2, shell (terminal / command line), Python, LaTeX, dropbox, google drive (formerly docs)","Confident","yes","no","yes","yes","yes","no","he/him","ipynb","Confident","Confident","Confident","A little","Confident",NA,NA,NA,"yes",NA,NA,NA,NA,NA,NA,NA,NA,NA,NA,NA,NA,NA,NA,NA,NA
"24","Yes","Statistics (master)","Matlab, R, RStudio","A little","yes","no","no","no","no","no","she/her","RStudio","A little","Confident","A little","A little","None",NA,NA,NA,"yes",NA,NA,NA,NA,NA,NA,NA,NA,NA,NA,NA,NA,NA,NA,NA,NA
"25","No","IDSE (master)","R, RStudio, ggplot2, SPSS, Python, google drive (formerly docs)","Confident","yes","no","yes","no","no","no","she/her","RStudio","A little","A little","None","A little","None",NA,NA,NA,"no",NA,NA,NA,NA,NA,NA,NA,NA,NA,NA,NA,NA,NA,NA,NA,NA
"26","Yes","Statistics (master)","RStudio, ggplot2, Python, LaTeX","Confident","yes","no","yes","no","no","no","she/her","RStudio","A little","A little","Confident","None","None",NA,NA,NA,"no",NA,NA,NA,NA,NA,NA,NA,NA,NA,NA,NA,NA,NA,NA,NA,NA
"27","No","IDSE (master)","R, SQL, RStudio, ggplot2, shell (terminal / command line), SPSS, C/C++, Python, regular expressions (grep), XML, Web: html css js, dropbox, google drive (formerly docs)","Confident","yes","no","yes","no","yes","yes","he/him","notepad++","Confident","A little","A little","A little","Confident",NA,NA,NA,"no",NA,NA,NA,NA,NA,NA,NA,NA,NA,NA,NA,NA,NA,NA,NA,NA
"28","No","IDSE (master)","R, RStudio, C/C++, Python","Confident","yes","no","yes","no","no","no","he/him","RStudio","A little","A little","Confident","A little","A little",NA,NA,NA,"no",NA,NA,NA,NA,NA,NA,NA,NA,NA,NA,NA,NA,NA,NA,NA,NA
"29","Yes","Statistics (master)","Matlab, R, Excel, RStudio, SPSS, C/C++, Stata","Confident","yes","no","no","no","no","no","he/him","RStudio","A little","A little","None","A little","None",NA,NA,NA,"yes",NA,NA,NA,NA,NA,NA,NA,NA,NA,NA,NA,NA,NA,NA,NA,NA
"30","No","Data Science Certification","R, Excel, RStudio, dropbox, google drive (formerly docs)","A little","yes","no","no","no","no","no","he/him","Ipython","A little","None","None","None","A little",NA,NA,NA,"no",NA,NA,NA,NA,NA,NA,NA,NA,NA,NA,NA,NA,NA,NA,NA,NA
"31","No","QMSS","R, Github, Excel, SQL, RStudio, ggplot2, shell (terminal / command line), C/C++, Python, LaTeX, regular expressions (grep), Sweave/knitr, XML, Web: html css js, dropbox, google drive (formerly docs)","Confident","yes","yes","yes","yes","yes","yes","he/him","sublime text","Confident","Confident","A little","A little","Confident",NA,NA,NA,"no",NA,NA,NA,NA,NA,NA,NA,NA,NA,NA,NA,NA,NA,NA,NA,NA
"32","No","IDSE (master)","R, Excel, RStudio, ggplot2, Python, Stata, LaTeX, dropbox, google drive (formerly docs)","Confident","yes","no","yes","no","no","no","she/her","RStudio","Confident","Confident","A little","A little","A little",NA,NA,NA,"no",NA,NA,NA,NA,NA,NA,NA,NA,NA,NA,NA,NA,NA,NA,NA,NA
"33","No","Other masters","R, Excel, SQL, RStudio, Python, dropbox, google drive (formerly docs)","Confident","yes","no","yes","no","yes","no","he/him","RStudio","A little","A little","Confident","None","None",NA,NA,NA,"no",NA,NA,NA,NA,NA,NA,NA,NA,NA,NA,NA,NA,NA,NA,NA,NA
"34","Yes","Other masters","Matlab, R, Github, Excel, Python, Web: html css js","Confident","yes","no","yes","yes","no","yes","she/her","xcode","Confident","A little","A little","Confident","Confident",NA,NA,NA,"yes",NA,NA,NA,NA,NA,NA,NA,NA,NA,NA,NA,NA,NA,NA,NA,NA
"35","No","IDSE (master)","Matlab, R, Github, Excel, SQL, RStudio, shell (terminal / command line), C/C++, Python, LaTeX, XML, Web: html css js, dropbox, google drive (formerly docs)","Confident","yes","no","yes","yes","yes","yes","he/him","Sublime Text 2","Confident","A little","Expert","Confident","Confident",NA,NA,NA,"yes",NA,NA,NA,NA,NA,NA,NA,NA,NA,NA,NA,NA,NA,NA,NA,NA
"36","No","Data Science","R, Github, SQL, RStudio, ggplot2, shell (terminal / command line), Python, regular expressions (grep), dropbox, google drive (formerly docs)","Confident","yes","no","yes","yes","yes","no","he/him","vi/vim","Confident","A little","Expert","A little","Confident",NA,NA,NA,"no",NA,NA,NA,NA,NA,NA,NA,NA,NA,NA,NA,NA,NA,NA,NA,NA
"37","No","IDSE (master)","Matlab, R, Excel, SQL, RStudio, shell (terminal / command line), C/C++, Python, dropbox","Confident","yes","no","yes","no","yes","no","he/him","RStudio","Confident","A little","A little","Confident","A little",NA,NA,NA,"yes",NA,NA,NA,NA,NA,NA,NA,NA,NA,NA,NA,NA,NA,NA,NA,NA
"38","No","IDSE (master)","R, Excel, SQL, RStudio, C/C++, dropbox, google drive (formerly docs)","Confident","yes","no","no","no","yes","no","he/him","RStudio","A little","A little","A little","None","None",NA,NA,NA,"no",NA,NA,NA,NA,NA,NA,NA,NA,NA,NA,NA,NA,NA,NA,NA,NA
"39","No","Data Science Certification","Matlab, R, Excel, SQL, RStudio, shell (terminal / command line), Python, Stata, dropbox, google drive (formerly docs)","Confident","yes","no","yes","no","yes","no","he/him","RStudio","A little","None","None","Confident","None",NA,NA,NA,"yes",NA,NA,NA,NA,NA,NA,NA,NA,NA,NA,NA,NA,NA,NA,NA,NA
"40","Yes","Statistics (master)","R, Excel, RStudio, LaTeX, google drive (formerly docs)","Confident","yes","no","no","no","no","no","she/her","RStudio","Confident","Confident","None","A little","A little",NA,NA,NA,"no",NA,NA,NA,NA,NA,NA,NA,NA,NA,NA,NA,NA,NA,NA,NA,NA
"41","No","IDSE (master)","R, Github, Excel, SQL, RStudio, ggplot2, Python, Web: html css js, dropbox, google drive (formerly docs)","Confident","yes","no","yes","yes","yes","yes","he/him","RStudio","Confident","Confident","A little","None","Confident",NA,NA,NA,"no",NA,NA,NA,NA,NA,NA,NA,NA,NA,NA,NA,NA,NA,NA,NA,NA
"42","Yes","Statistics (master)","Matlab, R, RStudio, SPSS, C/C++","Confident","yes","no","no","no","no","no","he/him","RStudio","Confident","Confident","A little","Confident","A little",NA,NA,NA,"yes",NA,NA,NA,NA,NA,NA,NA,NA,NA,NA,NA,NA,NA,NA,NA,NA
"43","No","IDSE (master)","Matlab, R, Github, Excel, RStudio, ggplot2, shell (terminal / command line), Python, LaTeX, google drive (formerly docs)","Confident","yes","no","yes","yes","no","no","he/him","RStudio","A little","A little","A little","Confident","Confident",NA,NA,NA,"yes",NA,NA,NA,NA,NA,NA,NA,NA,NA,NA,NA,NA,NA,NA,NA,NA
"44","No","IDSE (master)","Matlab, R, Github, Excel, RStudio, ggplot2, shell (terminal / command line), Python, LaTeX, google drive (formerly docs)","Confident","yes","no","yes","yes","no","no","he/him","RStudio","A little","A little","A little","Confident","Confident",NA,NA,NA,"yes",NA,NA,NA,NA,NA,NA,NA,NA,NA,NA,NA,NA,NA,NA,NA,NA
"45","Yes","Statistics (master)","Matlab, R, Excel, RStudio, SPSS, C/C++","Expert","yes","no","no","no","no","no","she/her","RStudio","Expert","Confident","A little","A little","A little",NA,NA,NA,"yes",NA,NA,NA,NA,NA,NA,NA,NA,NA,NA,NA,NA,NA,NA,NA,NA
"46","No","IDSE (master)","R, Github, RStudio, Python, dropbox, google drive (formerly docs)","A little","yes","no","yes","yes","no","no","he/him","RStudio","A little","A little","A little","A little","A little",NA,NA,NA,"no",NA,NA,NA,NA,NA,NA,NA,NA,NA,NA,NA,NA,NA,NA,NA,NA
"47","No","IDSE (master)","Matlab, R, Excel, SQL, RStudio, Python, dropbox, google drive (formerly docs)","Expert","yes","no","yes","no","yes","no","he/him","RStudio","Confident","Confident","A little","A little","None",NA,NA,NA,"yes",NA,NA,NA,NA,NA,NA,NA,NA,NA,NA,NA,NA,NA,NA,NA,NA
"48","Yes","Statistics (master)","R, RStudio","Confident","yes","no","no","no","no","no","she/her","RStudio","A little","A little","None","None","None",NA,NA,NA,"no",NA,NA,NA,NA,NA,NA,NA,NA,NA,NA,NA,NA,NA,NA,NA,NA
"49","Yes","Statistics (master)","Matlab, R, Github, Excel, SQL, RStudio, ggplot2, C/C++, Python, XML, google drive (formerly docs)","Expert","yes","no","yes","yes","yes","no","he/him","RStudio","Confident","Expert","A little","Expert","Confident",NA,NA,NA,"yes",NA,NA,NA,NA,NA,NA,NA,NA,NA,NA,NA,NA,NA,NA,NA,NA
"50","No","IDSE (master)","R, Excel, SQL, RStudio, Python, Stata, google drive (formerly docs)","Confident","yes","no","yes","no","yes","no","she/her","RStudio","Confident","Confident","A little","A little","None",NA,NA,NA,"no",NA,NA,NA,NA,NA,NA,NA,NA,NA,NA,NA,NA,NA,NA,NA,NA
"51","No","IDSE (master)","Matlab, R, Excel, RStudio, Python, dropbox, google drive (formerly docs)","Confident","yes","no","yes","no","no","no","he/him","RStudio","A little","A little","Confident","A little","None",NA,NA,NA,"yes",NA,NA,NA,NA,NA,NA,NA,NA,NA,NA,NA,NA,NA,NA,NA,NA
"52","No","IDSE (master)","Excel, Python, dropbox, google drive (formerly docs)","A little","no","no","yes","no","no","no","she/her","I used jupyter last semester","None","None","A little","None","None",NA,NA,NA,"no",NA,NA,NA,NA,NA,NA,NA,NA,NA,NA,NA,NA,NA,NA,NA,NA
"53","No","Data Science Certification","Matlab, R, Github, Excel, SQL, RStudio, shell (terminal / command line), Python, XML, Web: html css js, dropbox, google drive (formerly docs)","A little","yes","no","yes","yes","yes","yes","he/him","vi/vim","A little","A little","None","A little","A little",NA,NA,NA,"yes",NA,NA,NA,NA,NA,NA,NA,NA,NA,NA,NA,NA,NA,NA,NA,NA
"54","No","IDSE (master)","R, Python","A little","yes","no","yes","no","no","no","he/him","vi/vim","A little","A little","A little","A little","A little",NA,NA,NA,"no",NA,NA,NA,NA,NA,NA,NA,NA,NA,NA,NA,NA,NA,NA,NA,NA
"55","No","Statistics (master)","R, RStudio, ggplot2, LaTeX","A little","yes","no","no","no","no","no","he/him","RStudio","A little","None","None","None","None",NA,NA,NA,"no",NA,NA,NA,NA,NA,NA,NA,NA,NA,NA,NA,NA,NA,NA,NA,NA
"56","No","IDSE (master)","Matlab, R, RStudio, SPSS, Sweave/knitr","Confident","yes","yes","no","no","no","no","she/her","RStudio","A little","A little","Confident","Confident","None",NA,NA,NA,"yes",NA,NA,NA,NA,NA,NA,NA,NA,NA,NA,NA,NA,NA,NA,NA,NA
"57","Yes","Statistics (master)","R, Github, RStudio, LaTeX, dropbox, google drive (formerly docs)","A little","yes","no","no","yes","no","no","he/him","RStudio","A little","A little","A little","A little","A little",NA,NA,NA,"no",NA,NA,NA,NA,NA,NA,NA,NA,NA,NA,NA,NA,NA,NA,NA,NA
"58","No","IDSE (master)","R, Excel, SQL, RStudio, shell (terminal / command line), Python, regular expressions (grep)","Confident","yes","no","yes","no","yes","no","he/him","notepad++","A little","A little","Confident","Confident","A little",NA,NA,NA,"no",NA,NA,NA,NA,NA,NA,NA,NA,NA,NA,NA,NA,NA,NA,NA,NA
"59","Yes","Ph.D.","Matlab, R, RStudio, ggplot2, dropbox","Confident","yes","no","no","no","no","no","he/him","RStudio","Confident","A little","None","A little","None",NA,NA,NA,"yes",NA,NA,NA,NA,NA,NA,NA,NA,NA,NA,NA,NA,NA,NA,NA,NA
"60","No","IDSE (master)","R, Excel, RStudio, Python, dropbox, google drive (formerly docs)","Confident","yes","no","yes","no","no","no","she/her","RStudio","A little","A little","A little","None","None",NA,NA,NA,"no",NA,NA,NA,NA,NA,NA,NA,NA,NA,NA,NA,NA,NA,NA,NA,NA
"61","No","Data Science Certification","R, SQL, RStudio, shell (terminal / command line), C/C++, Python, dropbox, google drive (formerly docs)","Confident","yes","no","yes","no","yes","no","he/him","RStudio","A little","A little","Confident","A little","A little",NA,NA,NA,"no",NA,NA,NA,NA,NA,NA,NA,NA,NA,NA,NA,NA,NA,NA,NA,NA
"62","Yes","Statistics (master)","Matlab, R, Excel, SQL, RStudio, ggplot2, C/C++, Web: html css js, dropbox, google drive (formerly docs)","Expert","yes","no","no","no","yes","yes","he/him","RStudio","Confident","Confident","Confident","Confident","A little",NA,NA,NA,"yes",NA,NA,NA,NA,NA,NA,NA,NA,NA,NA,NA,NA,NA,NA,NA,NA
"63","No","IDSE (master)","R, Github, SQL, RStudio, ggplot2, shell (terminal / command line), C/C++, Python, regular expressions (grep), Web: html css js, dropbox, google drive (formerly docs)","Confident","yes","no","yes","yes","yes","yes","he/him","vi/vim","A little","A little","None","None","Confident",NA,NA,NA,"no",NA,NA,NA,NA,NA,NA,NA,NA,NA,NA,NA,NA,NA,NA,NA,NA
"64","No","Data Science Certification","Matlab, R, Excel, SQL, RStudio, ggplot2, shell (terminal / command line), C/C++, Python, regular expressions (grep), XML, Web: html css js, dropbox, google drive (formerly docs)","Expert","yes","no","yes","no","yes","yes","she/her","notepad++","Confident","A little","A little","A little","A little",NA,NA,NA,"yes",NA,NA,NA,NA,NA,NA,NA,NA,NA,NA,NA,NA,NA,NA,NA,NA
"65","No","IDSE (master)","R, Github, SQL, RStudio, shell (terminal / command line), C/C++, Python, LaTeX, regular expressions (grep), XML, dropbox, google drive (formerly docs)","Confident","yes","no","yes","yes","yes","no","he/him","vi/vim","A little","A little","None","None","Confident",NA,NA,NA,"no",NA,NA,NA,NA,NA,NA,NA,NA,NA,NA,NA,NA,NA,NA,NA,NA
"66","No","Statistics (master)","Excel, Python, dropbox","A little","no","no","yes","no","no","no","he/him","vi/vim","None","None","None","None","A little",NA,NA,NA,"no",NA,NA,NA,NA,NA,NA,NA,NA,NA,NA,NA,NA,NA,NA,NA,NA
"67","No","IDSE (master)","Matlab, R, RStudio, Python, LaTeX, google drive (formerly docs)","Confident","yes","no","yes","no","no","no","she/her","RStudio","A little","A little","None","A little","A little",NA,NA,NA,"yes",NA,NA,NA,NA,NA,NA,NA,NA,NA,NA,NA,NA,NA,NA,NA,NA
"68","No","IDSE (master)","Excel, google drive (formerly docs)","None","no","no","no","no","no","no","she/her","vi/vim","None","None","None","A little","A little",NA,NA,NA,"no",NA,NA,NA,NA,NA,NA,NA,NA,NA,NA,NA,NA,NA,NA,NA,NA
"69","No","Data Science Certification","R, Excel, SQL, dropbox, google drive (formerly docs)","Confident","yes","no","no","no","yes","no","she/her","RStudio","A little","A little","Confident","None","A little",NA,NA,NA,"no",NA,NA,NA,NA,NA,NA,NA,NA,NA,NA,NA,NA,NA,NA,NA,NA
"70","No","Data Science Certification","Excel, Python, google drive (formerly docs)","None","no","no","yes","no","no","no","he/him","python","None","None","None","None","None",NA,NA,NA,"no",NA,NA,NA,NA,NA,NA,NA,NA,NA,NA,NA,NA,NA,NA,NA,NA
"71","No","Data Science Certification","Github, Excel, SQL, shell (terminal / command line), C/C++, Python, regular expressions (grep), google drive (formerly docs)","None","no","no","yes","yes","yes","no","he/him","vi/vim","None","None","None","None","Confident",NA,NA,NA,"no",NA,NA,NA,NA,NA,NA,NA,NA,NA,NA,NA,NA,NA,NA,NA,NA
"72","No","IDSE (master)","R, Github, Excel, SQL, RStudio, ggplot2, shell (terminal / command line), SPSS, Python, Stata, LaTeX, Sweave/knitr, Web: html css js, dropbox, google drive (formerly docs)","Expert","yes","yes","yes","yes","yes","yes","he/him","RStudio","Expert","Confident","Expert","Confident","Confident",NA,NA,NA,"no",NA,NA,NA,NA,NA,NA,NA,NA,NA,NA,NA,NA,NA,NA,NA,NA
"73","No","Ph.D.","R, Github, Excel, SQL, shell (terminal / command line), Python, LaTeX, Web: html css js, dropbox, google drive (formerly docs)","A little","yes","no","yes","yes","yes","yes","he/him","vi/vim","A little","None","None","None","Confident",NA,NA,NA,"no",NA,NA,NA,NA,NA,NA,NA,NA,NA,NA,NA,NA,NA,NA,NA,NA
"74","Yes","Other masters","R, Github, Excel, SQL, RStudio, ggplot2, shell (terminal / command line), LaTeX, regular expressions (grep), Sweave/knitr, dropbox, google drive (formerly docs)","Expert","yes","yes","no","yes","yes","no","he/him","RStudio","A little","A little","A little","None","A little",NA,NA,NA,"no",NA,NA,NA,NA,NA,NA,NA,NA,NA,NA,NA,NA,NA,NA,NA,NA
"75","No","Applied Math","Github, shell (terminal / command line), C/C++, Python, LaTeX","None","no","no","yes","yes","no","no","he/him","Sublime Text!","None","None","A little","None","Confident",NA,NA,NA,"no",NA,NA,NA,NA,NA,NA,NA,NA,NA,NA,NA,NA,NA,NA,NA,NA
"76","No","IDSE (master)","R, Excel, SQL, RStudio, shell (terminal / command line), Python, LaTeX, dropbox, google drive (formerly docs)","A little","yes","no","yes","no","yes","no","he/him","RStudio","A little","A little","Confident","None","None",NA,NA,NA,"no",NA,NA,NA,NA,NA,NA,NA,NA,NA,NA,NA,NA,NA,NA,NA,NA
"77","No","Data Science Certification","Excel, Python, dropbox, google drive (formerly docs)","Confident","no","no","yes","no","no","no","he/him","Sublime","None","A little","None","A little","A little",NA,NA,NA,"no",NA,NA,NA,NA,NA,NA,NA,NA,NA,NA,NA,NA,NA,NA,NA,NA
"78","No","IDSE (master)","R, Github, Excel, SQL, RStudio, shell (terminal / command line), Python, LaTeX, Web: html css js, dropbox, google drive (formerly docs)","Confident","yes","no","yes","yes","yes","yes","she/her","Sublime","None","A little","Confident","None","Confident",NA,NA,NA,"no",NA,NA,NA,NA,NA,NA,NA,NA,NA,NA,NA,NA,NA,NA,NA,NA
"79","No","IDSE (master)","Matlab, R, Excel, RStudio, C/C++, Python","A little","yes","no","yes","no","no","no","he/him","RStudio","A little","A little","None","A little","None",NA,NA,NA,"yes",NA,NA,NA,NA,NA,NA,NA,NA,NA,NA,NA,NA,NA,NA,NA,NA
"80","Yes","Other masters","Matlab, Excel, C/C++, Python","A little","no","no","yes","no","no","no","he/him","Text Wrangler","A little","A little","A little","A little","A little",NA,NA,NA,"yes",NA,NA,NA,NA,NA,NA,NA,NA,NA,NA,NA,NA,NA,NA,NA,NA
"81","Yes","Statistics (master)","R, Github","A little","yes","no","no","yes","no","no","she/her","RStudio","None","None","None","None","A little",NA,NA,NA,"no",NA,NA,NA,NA,NA,NA,NA,NA,NA,NA,NA,NA,NA,NA,NA,NA
"82","No","Other masters","R, Excel, RStudio, dropbox, google drive (formerly docs)","Confident","yes","no","no","no","no","no","she/her","RStudio","A little","A little","None","None","None",NA,NA,NA,"no",NA,NA,NA,NA,NA,NA,NA,NA,NA,NA,NA,NA,NA,NA,NA,NA
"83","No","IDSE (master)","Github, Excel, SQL, RStudio, shell (terminal / command line), Python, Web: html css js, dropbox, google drive (formerly docs)","A little","yes","no","yes","yes","yes","yes","he/him","Atom/Sublime text","A little","A little","A little","A little","A little",NA,NA,NA,"no",NA,NA,NA,NA,NA,NA,NA,NA,NA,NA,NA,NA,NA,NA,NA,NA
"84","No","IDSE (master)","Excel, RStudio, Python, dropbox, google drive (formerly docs)","A little","yes","no","yes","no","no","no","he/him","RStudio","A little","A little","A little","A little","None",NA,NA,NA,"no",NA,NA,NA,NA,NA,NA,NA,NA,NA,NA,NA,NA,NA,NA,NA,NA
"85","No","IDSE (master)","Matlab, Github, Excel, SQL, shell (terminal / command line), C/C++, Python, regular expressions (grep), XML, Web: html css js, dropbox, google drive (formerly docs)","None","no","no","yes","yes","yes","yes","he/him","Any (20 years C++/Java experience)","None","None","None","Confident","A little",NA,NA,NA,"yes",NA,NA,NA,NA,NA,NA,NA,NA,NA,NA,NA,NA,NA,NA,NA,NA
"86","No","IDSE (master)","R, Github, Excel, SQL, RStudio, shell (terminal / command line), C/C++, Python, regular expressions (grep), XML, Web: html css js, dropbox, google drive (formerly docs)","Confident","yes","no","yes","yes","yes","yes","she/her","Sublime Text 2","None","None","Confident","Confident","Confident",NA,NA,NA,"no",NA,NA,NA,NA,NA,NA,NA,NA,NA,NA,NA,NA,NA,NA,NA,NA
"87","No","IDSE (master)","Matlab, R","A little","yes","no","no","no","no","no","he/him","RStudio","None","None","None","A little","None",NA,NA,NA,"yes",NA,NA,NA,NA,NA,NA,NA,NA,NA,NA,NA,NA,NA,NA,NA,NA
"88","No","Data Science Certification","Github, Excel, SQL, dropbox, google drive (formerly docs)","None","no","no","no","yes","yes","no","she/her","notepad++","None","None","None","None","A little",NA,NA,NA,"no",NA,NA,NA,NA,NA,NA,NA,NA,NA,NA,NA,NA,NA,NA,NA,NA
"89","No","Data Science Certification","Excel, shell (terminal / command line), Python, google drive (formerly docs)","None","no","no","yes","no","no","no","he/him","Sublime","None","None","None","None","A little",NA,NA,NA,"no",NA,NA,NA,NA,NA,NA,NA,NA,NA,NA,NA,NA,NA,NA,NA,NA
"90","No","Data Science Certification","R, Excel, RStudio, dropbox, google drive (formerly docs)","Confident","yes","no","no","no","no","no","she/her","RStudio","A little","A little","Confident","None","A little",NA,NA,NA,"no",NA,NA,NA,NA,NA,NA,NA,NA,NA,NA,NA,NA,NA,NA,NA,NA
"91","No","IDSE (master)","Matlab, R, Excel, RStudio, Python, dropbox","Confident","yes","no","yes","no","no","no","she/her","RStudio","A little","None","A little","None","A little",NA,NA,NA,"yes",NA,NA,NA,NA,NA,NA,NA,NA,NA,NA,NA,NA,NA,NA,NA,NA
"92","No","Data Science Certification","Github, Excel, SQL, RStudio, Python, dropbox, google drive (formerly docs)","A little","yes","no","yes","yes","yes","no","he/him","Sublime Text","None","None","None","None","Confident",NA,NA,NA,"no",NA,NA,NA,NA,NA,NA,NA,NA,NA,NA,NA,NA,NA,NA,NA,NA
"93","No","IDSE (master)","R, Github, Excel, SQL, RStudio, shell (terminal / command line), C/C++, LaTeX, regular expressions (grep), Sweave/knitr, XML, Web: html css js, dropbox, google drive (formerly docs)","A little","yes","yes","no","yes","yes","yes","he/him","Sublime Text / Eclipse","A little","A little","A little","None","Expert",NA,NA,NA,"no",NA,NA,NA,NA,NA,NA,NA,NA,NA,NA,NA,NA,NA,NA,NA,NA
"94","No","Data Science Certification","R, Github, Excel, RStudio, Python, google drive (formerly docs)","A little","yes","no","yes","yes","no","no","he/him","python","A little","None","None","A little","A little",NA,NA,NA,"no",NA,NA,NA,NA,NA,NA,NA,NA,NA,NA,NA,NA,NA,NA,NA,NA
"95","No","Data Science Certification","SQL, shell (terminal / command line), C/C++, Python","A little","no","no","yes","no","yes","no","he/him","vi/vim","None","None","None","A little","A little",NA,NA,NA,"no",NA,NA,NA,NA,NA,NA,NA,NA,NA,NA,NA,NA,NA,NA,NA,NA
"96","No","Data Science Certification","R, Excel, SQL, Python, Stata, LaTeX, Web: html css js, google drive (formerly docs)","A little","yes","no","yes","no","yes","yes","he/him","notepad++","None","None","None","None","None",NA,NA,NA,"no",NA,NA,NA,NA,NA,NA,NA,NA,NA,NA,NA,NA,NA,NA,NA,NA
"97","No","PhD Biomedical Informatics","R, Excel, RStudio, shell (terminal / command line), Python, Stata, regular expressions (grep), dropbox, google drive (formerly docs)","Confident","yes","no","yes","no","no","no","she/her","TextMate","A little","A little","None","None","A little",NA,NA,NA,"no",NA,NA,NA,NA,NA,NA,NA,NA,NA,NA,NA,NA,NA,NA,NA,NA
"98","No","Data Science Certification","R, Excel, RStudio, ggplot2, Python, dropbox","Confident","yes","no","yes","no","no","no","","RStudio","A little","A little","None","None","A little",NA,NA,NA,"no",NA,NA,NA,NA,NA,NA,NA,NA,NA,NA,NA,NA,NA,NA,NA,NA
"99","No","Data Science Certification","Matlab, R, Github, Excel, SQL, RStudio, shell (terminal / command line), Python, Stata, XML, dropbox, google drive (formerly docs)","A little","yes","no","yes","yes","yes","no","he/him","sublime","A little","A little","A little","Confident","Confident",NA,NA,NA,"yes",NA,NA,NA,NA,NA,NA,NA,NA,NA,NA,NA,NA,NA,NA,NA,NA
"100","No","Data Science Certification","shell (terminal / command line), Python, regular expressions (grep), Web: html css js","A little","no","no","yes","no","no","yes","he/him","Webstorm, pycharm","None","None","None","None","Expert",NA,NA,NA,"no",NA,NA,NA,NA,NA,NA,NA,NA,NA,NA,NA,NA,NA,NA,NA,NA
"101","No","Other masters","Matlab, R, Github, Excel, SQL, RStudio, ggplot2, shell (terminal / command line), C/C++, Python, regular expressions (grep), Web: html css js, dropbox, google drive (formerly docs)","Confident","yes","no","yes","yes","yes","yes","he/him","Sublime","Confident","Confident","Confident","Confident","Confident",NA,NA,NA,"yes",NA,NA,NA,NA,NA,NA,NA,NA,NA,NA,NA,NA,NA,NA,NA,NA
"102","No","IDSE (master)","R, Excel, SQL, C/C++, dropbox, google drive (formerly docs)","A little","yes","no","no","no","yes","no","he/him","notepad++","None","None","None","None","A little",NA,NA,NA,"no",NA,NA,NA,NA,NA,NA,NA,NA,NA,NA,NA,NA,NA,NA,NA,NA
"103","No","Other masters","Matlab, R, Excel, SQL, RStudio, SPSS, Python, Stata, dropbox","Confident","yes","no","yes","no","yes","no","he/him","notepad++","Confident","Confident","Confident","Confident","A little",NA,NA,NA,"yes",NA,NA,NA,NA,NA,NA,NA,NA,NA,NA,NA,NA,NA,NA,NA,NA
"104","No","IDSE (master)","Matlab, R, Github, SQL, ggplot2, shell (terminal / command line), C/C++, Python, LaTeX, dropbox, google drive (formerly docs)","Confident","yes","no","yes","yes","yes","no","he/him","Atom","A little","Confident","None","A little","Confident",NA,NA,NA,"yes",NA,NA,NA,NA,NA,NA,NA,NA,NA,NA,NA,NA,NA,NA,NA,NA
"105","No","MSDS","R, Github, Excel, SQL, RStudio, Python","Confident","yes","no","yes","yes","yes","no","he/him","RStudio","A little","Confident","None","Confident","A little",NA,NA,NA,"no",NA,NA,NA,NA,NA,NA,NA,NA,NA,NA,NA,NA,NA,NA,NA,NA
"106","No","IDSE (master)","R, SQL, RStudio, shell (terminal / command line), Python","A little","yes","no","yes","no","yes","no","he/him","textwrangler","A little","None","None","None","None",NA,NA,NA,"no",NA,NA,NA,NA,NA,NA,NA,NA,NA,NA,NA,NA,NA,NA,NA,NA
"107","No","Other masters","R, Github, Excel, SQL, RStudio, ggplot2, shell (terminal / command line), Python, LaTeX, lattice, Sweave/knitr","Confident","yes","yes","yes","yes","yes","no","he/him","Sublime 2","Confident","A little","Confident","None","A little",NA,NA,NA,"no",NA,NA,NA,NA,NA,NA,NA,NA,NA,NA,NA,NA,NA,NA,NA,NA
"108","No","Data Science Certification","R, Github, Excel, RStudio, regular expressions (grep), dropbox, google drive (formerly docs)","A little","yes","no","no","yes","no","no","he/him","RStudio","Confident","A little","Confident","A little","Confident",NA,NA,NA,"no",NA,NA,NA,NA,NA,NA,NA,NA,NA,NA,NA,NA,NA,NA,NA,NA
"109","No","IDSE (master)","Matlab, R, Github, Excel, SQL, RStudio, ggplot2, shell (terminal / command line), C/C++, Python, Stata, LaTeX, XML, Web: html css js, google drive (formerly docs)","Confident","yes","no","yes","yes","yes","yes","he/him","RStudio","Confident","Confident","Confident","Confident","Confident",NA,NA,NA,"yes",NA,NA,NA,NA,NA,NA,NA,NA,NA,NA,NA,NA,NA,NA,NA,NA
"110","No","IDSE (master)","R, SQL, RStudio, Python","A little","yes","no","yes","no","yes","no","he/him","textWrangler","A little","None","None","None","None",NA,NA,NA,"no",NA,NA,NA,NA,NA,NA,NA,NA,NA,NA,NA,NA,NA,NA,NA,NA
"111","No","Other masters","R, Github, RStudio","A little","yes","no","no","yes","no","no","she/her","RStudio","A little","None","A little","None","A little",NA,NA,NA,"no",NA,NA,NA,NA,NA,NA,NA,NA,NA,NA,NA,NA,NA,NA,NA,NA
"112","No","Data Science Certification","Github, Excel, SQL, shell (terminal / command line), XML, Web: html css js","None","no","no","no","yes","yes","yes","she/her","Eclipse ","None","None","None","A little","A little",NA,NA,NA,"no",NA,NA,NA,NA,NA,NA,NA,NA,NA,NA,NA,NA,NA,NA,NA,NA
"113","No","IDSE (master)","Python","A little","no","no","yes","no","no","no","he/him","sublime","A little","None","A little","None","A little",NA,NA,NA,"no",NA,NA,NA,NA,NA,NA,NA,NA,NA,NA,NA,NA,NA,NA,NA,NA
"114","No","IDSE (master)","Matlab, SQL, shell (terminal / command line), Python, LaTeX, Web: html css js","Confident","no","no","yes","no","yes","yes","he/him","vi/vim","A little","A little","A little","Confident","A little",NA,NA,NA,"yes",NA,NA,NA,NA,NA,NA,NA,NA,NA,NA,NA,NA,NA,NA,NA,NA
